name,rep,zone,split,hybrid,redMargin,distW,trainN,presAcc,countAcc,zoneAcc,zoneBAcc,redRecall,detProb,faClut,distMAE,bestVal,nTest
dist_base,complex,dist,stored,False,0.0,False,5602,0.914095079232694,0.6538782318598833,0.5696413678065054,0.577178496463434,0.6197183098591549,0.9363295880149812,0.1824561403508772,1.0183504749921972,0.704085405940163,1199
dist_margin,complex,dist,stored,False,0.4,False,5602,0.9199332777314428,0.6747289407839867,0.6105087572977481,0.5798770567032778,0.5985915492957746,0.9375780274656679,0.16140350877192983,0.9404281921005725,0.7088734621543903,1199
dist_weighted,complex,dist,stored,False,0.0,True,5602,0.9174311926605505,0.6697247706422018,0.5763135946622185,0.5655734298761345,0.5704225352112676,0.9350811485642946,0.1649122807017544,0.9800988100887684,0.7102588430245987,1199
dist_both,complex,dist,stored,False,0.4,True,5602,0.9174311926605505,0.6788990825688074,0.6071726438698916,0.5705439018862746,0.5845070422535211,0.9350811485642946,0.1649122807017544,0.9458837306752484,0.7145910344441525,1199
zone_clf,complex,clf,stored,False,0.0,False,5602,0.9124270225187656,0.6672226855713094,0.5938281901584654,0.5865655671226612,0.5774647887323944,0.9176029962546817,0.1368421052631579,2.449688924534639,0.718945947248987,1199
delay,delay,dist,stored,False,0.0,False,5602,0.9257714762301918,0.69557964970809,0.6547122602168474,0.5815958806702293,0.34507042253521125,0.9338327091136079,0.12631578947368421,0.8614520812302493,0.749270302561366,1199
delayangle,delayangle,dist,stored,False,0.0,False,5602,0.9274395329441201,0.6964136780650542,0.6313594662218516,0.5811086541919996,0.3591549295774648,0.947565543071161,0.15789473684210525,0.8311216756794485,0.744379719149256,1199
hybrid_complex,complex,dist,stored,True,0.0,False,5602,0.9157631359466222,0.69557964970809,0.6080066722268557,0.5567104576086053,0.4084507042253521,0.9550561797752809,0.22807017543859648,0.9265126431925913,0.7259538264859602,1199
hybrid_best,delayangle,dist,stored,True,0.4,True,5602,0.9374478732276897,0.7231025854879066,0.6488740617180984,0.6222082583572256,0.7253521126760564,0.9450686641697877,0.10877192982456141,0.8559109548504433,0.7524815028698354,1199
